{
    "Update CV":0.0,
    "Watch a movie":0.0,
    "Fix laptop":0.0,
    "Learn for sax":0.1153846154,
    "Bed before X o'clock":0.152173913,
    "Read for X hours":0.1597222222,
    "Work for X hours":0.1979695431,
    "Self-authoring":0.2,
    "Download\/Upload from phone":0.2,
    "Fix clothes storage":0.2,
    "Meditate":0.2,
    "Update goals":0.2033898305,
    "Prepare stuff to return to shop":0.2272727273,
    "Brainstorm idea for X":0.2456140351,
    "Change water filter":0.25,
    "Backup phone\/laptop data":0.2631578947,
    "Clean house":0.2666666667,
    "Write about the day":0.2824427481,
    "Check out place":0.2857142857,
    "Discuss spent money of common utilities":0.3103448276,
    "Buy stuff online":0.3150684932,
    "Buy stuff for sax":0.3333333333,
    "Reinstall windows":0.3333333333,
    "Go to the pharmacy":0.3333333333,
    "No sweets":0.3333333333,
    "DO X for work":0.3333333333,
    "Read an article":0.3488372093,
    "Hair products check":0.3636363636,
    "Psychology work":0.375,
    "Go out for administrative stuff":0.4,
    "Saxophone":0.4,
    "Take pills\/creams":0.4,
    "Write how you feel":0.4,
    "Holiday related":0.4032258065,
    "Write":0.4090909091,
    "Download an app":0.4117647059,
    "Build workout routine":0.4166666667,
    "Order in your room":0.4210526316,
    "Back exercises":0.4285714286,
    "Log food intake":0.4285714286,
    "Clean dust":0.4358974359,
    "Go for a walk":0.4390243902,
    "No computer games":0.4444444444,
    "Call someone for X":0.445,
    "Fix stuff around house":0.45,
    "Order food":0.4545454545,
    "Take out trash":0.4893617021,
    "Wake up at X":0.5,
    "Summary of notes":0.5,
    "Cook food":0.5,
    "Work out":0.5015384615,
    "Pay flat living costs":0.5151515152,
    "Limit phone usage":0.5172413793,
    "Pick photos":0.5555555556,
    "Call grandparents":0.5555555556,
    "Log work hours":0.5606060606,
    "Build X":0.5714285714,
    "Shave":0.5866666667,
    "Call a friend":0.5909090909,
    "Go to the shop":0.5912408759,
    "Check if you need to buy X":0.6,
    "Nap":0.6,
    "Be more mindfully productive":0.6,
    "Online payments":0.6101694915,
    "Monitor diet":0.6153846154,
    "Dishes":0.6363636364,
    "Change bedsheets":0.652173913,
    "Wash clothes":0.6602564103,
    "Vacuum":0.6607142857,
    "Register for event":0.6666666667,
    "Take pictures":0.6666666667,
    "Call your parents":0.6712328767,
    "Do not forget X":0.6923076923,
    "Improv Related":0.7,
    "Fold clothes":0.7105263158,
    "Write about the day before":0.7228915663,
    "Romantic life":0.7333333333,
    "Nails":0.7857142857,
    "Send water index":0.8333333333,
    "Unfreeze chicken":0.8571428571,
    "Go to the ATM":0.8571428571,
    "Download a movie":0.8571428571,
    "Dinner with a friend":0.8571428571,
    "Enjoy your day":1.0,
    "Read in the morning":1.0
}